postal_code,approval_rate,approval_rate_percent
M6E,0.09134615384615384,9.13
M3J,0.125,12.5
L8W,0.12650602409638553,12.65
K1X,0.14189189189189189,14.19
K2P,0.43478260869565216,43.48
L5N,0.4564102564102564,45.64
K2C,0.5525114155251142,55.25
L6A,0.5606936416184971,56.07
M4C,0.5913461538461539,59.13
M4B,0.5924170616113744,59.24
M5V,0.6282722513089005,62.83
M2N,0.6375,63.75
L4W,0.6491228070175439,64.91
M9C,0.6946564885496184,69.47
