region_income_band,approval_rate,approval_rate_percent
High,0.6293888166449935,62.94
Low,0.11904761904761904,11.9
Medium,0.5290068829891839,52.9
