region_income_band,approval_rate,approval_rate_percent
High,0.8571428571428571,85.71
Low,0.16666666666666666,16.67
Medium,0.7931034482758621,79.31
